[
{
  "model": "biblioteca.genero",
  "pk": 1,
  "fields": {
    "nombre": "Novela"
  }
},
{
  "model": "biblioteca.genero",
  "pk": 2,
  "fields": {
    "nombre": "Ciencia Ficción"
  }
},
{
  "model": "biblioteca.genero",
  "pk": 3,
  "fields": {
    "nombre": "Historia"
  }
},
{
  "model": "biblioteca.genero",
  "pk": 4,
  "fields": {
    "nombre": "Poesía"
  }
},
{
  "model": "biblioteca.genero",
  "pk": 5,
  "fields": {
    "nombre": "Terror"
  }
},
{
  "model": "biblioteca.genero",
  "pk": 6,
  "fields": {
    "nombre": "Filosofía"
  }
},
{
  "model": "biblioteca.genero",
  "pk": 7,
  "fields": {
    "nombre": "Biografía"
  }
},
{
  "model": "biblioteca.genero",
  "pk": 8,
  "fields": {
    "nombre": "Fantasía"
  }
},
{
  "model": "biblioteca.genero",
  "pk": 9,
  "fields": {
    "nombre": "Cuento"
  }
},
{
  "model": "biblioteca.genero",
  "pk": 10,
  "fields": {
    "nombre": "Ensayo"
  }
},
{
  "model": "biblioteca.genero",
  "pk": 11,
  "fields": {
    "nombre": "Teatro"
  }
},
{
  "model": "biblioteca.genero",
  "pk": 12,
  "fields": {
    "nombre": "Crónica"
  }
},
{
  "model": "biblioteca.autor",
  "pk": 1,
  "fields": {
    "nombre": "Gabriel",
    "apellido": "García Márquez",
    "nacionalidad": "Colombiana"
  }
},
{
  "model": "biblioteca.autor",
  "pk": 2,
  "fields": {
    "nombre": "Isabel",
    "apellido": "Allende",
    "nacionalidad": "Chilena"
  }
},
{
  "model": "biblioteca.autor",
  "pk": 3,
  "fields": {
    "nombre": "Pablo",
    "apellido": "Neruda",
    "nacionalidad": "Chilena"
  }
},
{
  "model": "biblioteca.autor",
  "pk": 4,
  "fields": {
    "nombre": "Jorge Luis",
    "apellido": "Borges",
    "nacionalidad": "Argentina"
  }
},
{
  "model": "biblioteca.autor",
  "pk": 5,
  "fields": {
    "nombre": "Mario",
    "apellido": "Vargas Llosa",
    "nacionalidad": "Peruana"
  }
},
{
  "model": "biblioteca.autor",
  "pk": 6,
  "fields": {
    "nombre": "Julio",
    "apellido": "Cortázar",
    "nacionalidad": "Argentina"
  }
},
{
  "model": "biblioteca.autor",
  "pk": 7,
  "fields": {
    "nombre": "Stephen",
    "apellido": "King",
    "nacionalidad": "Estadounidense"
  }
},
{
  "model": "biblioteca.autor",
  "pk": 8,
  "fields": {
    "nombre": "George",
    "apellido": "Orwell",
    "nacionalidad": "Británica"
  }
},
{
  "model": "biblioteca.autor",
  "pk": 9,
  "fields": {
    "nombre": "Franz",
    "apellido": "Kafka",
    "nacionalidad": "Checa"
  }
},
{
  "model": "biblioteca.autor",
  "pk": 10,
  "fields": {
    "nombre": "Fyodor",
    "apellido": "Dostoevsky",
    "nacionalidad": "Rusa"
  }
},
{
  "model": "biblioteca.autor",
  "pk": 11,
  "fields": {
    "nombre": "J.K.",
    "apellido": "Rolling",
    "nacionalidad": "Britanica"
  }
},
{
  "model": "biblioteca.autor",
  "pk": 12,
  "fields": {
    "nombre": "Albert",
    "apellido": "Camus",
    "nacionalidad": "Francia"
  }
},
{
  "model": "biblioteca.autor",
  "pk": 13,
  "fields": {
    "nombre": "Virginia",
    "apellido": "Woolf",
    "nacionalidad": "Reino Unido"
  }
},
{
  "model": "biblioteca.autor",
  "pk": 14,
  "fields": {
    "nombre": "José",
    "apellido": "Saramago",
    "nacionalidad": "Portugal"
  }
},
{
  "model": "biblioteca.autor",
  "pk": 15,
  "fields": {
    "nombre": "Umberto",
    "apellido": "Eco",
    "nacionalidad": "Italia"
  }
},
{
  "model": "biblioteca.autor",
  "pk": 16,
  "fields": {
    "nombre": "Haruki",
    "apellido": "Murakami",
    "nacionalidad": "Japón"
  }
},
{
  "model": "biblioteca.autor",
  "pk": 17,
  "fields": {
    "nombre": "Jane",
    "apellido": "Austen",
    "nacionalidad": "Reino Unido"
  }
},
{
  "model": "biblioteca.autor",
  "pk": 18,
  "fields": {
    "nombre": "Miguel",
    "apellido": "de Unamuno",
    "nacionalidad": "España"
  }
},
{
  "model": "biblioteca.autor",
  "pk": 19,
  "fields": {
    "nombre": "Ernesto",
    "apellido": "Sabato",
    "nacionalidad": "Argentina"
  }
},
{
  "model": "biblioteca.tag",
  "pk": 1,
  "fields": {
    "nombre": "clásico"
  }
},
{
  "model": "biblioteca.tag",
  "pk": 2,
  "fields": {
    "nombre": "latinoamérica"
  }
},
{
  "model": "biblioteca.tag",
  "pk": 3,
  "fields": {
    "nombre": "terror"
  }
},
{
  "model": "biblioteca.tag",
  "pk": 4,
  "fields": {
    "nombre": "poesía"
  }
},
{
  "model": "biblioteca.tag",
  "pk": 5,
  "fields": {
    "nombre": "distopía"
  }
},
{
  "model": "biblioteca.tag",
  "pk": 6,
  "fields": {
    "nombre": "misterio"
  }
},
{
  "model": "biblioteca.tag",
  "pk": 7,
  "fields": {
    "nombre": "feminismo"
  }
},
{
  "model": "biblioteca.tag",
  "pk": 8,
  "fields": {
    "nombre": "existencialismo"
  }
},
{
  "model": "biblioteca.tag",
  "pk": 9,
  "fields": {
    "nombre": "modernismo"
  }
},
{
  "model": "biblioteca.tag",
  "pk": 10,
  "fields": {
    "nombre": "realismo"
  }
},
{
  "model": "biblioteca.editorial",
  "pk": 1,
  "fields": {
    "nombre": "Alfaguara",
    "pais": "España",
    "anio_fundacion": 1964
  }
},
{
  "model": "biblioteca.editorial",
  "pk": 2,
  "fields": {
    "nombre": "Seix Barral",
    "pais": "España",
    "anio_fundacion": 1911
  }
},
{
  "model": "biblioteca.editorial",
  "pk": 3,
  "fields": {
    "nombre": "Sudamericana",
    "pais": "Argentina",
    "anio_fundacion": 1939
  }
},
{
  "model": "biblioteca.editorial",
  "pk": 4,
  "fields": {
    "nombre": "Anagrama",
    "pais": "España",
    "anio_fundacion": 1969
  }
},
{
  "model": "biblioteca.editorial",
  "pk": 5,
  "fields": {
    "nombre": "Planeta",
    "pais": "España",
    "anio_fundacion": 1949
  }
},
{
  "model": "biblioteca.editorial",
  "pk": 6,
  "fields": {
    "nombre": "Penguin Random House",
    "pais": "Estados Unidos",
    "anio_fundacion": 2013
  }
},
{
  "model": "biblioteca.editorial",
  "pk": 7,
  "fields": {
    "nombre": "Tusquets",
    "pais": "España",
    "anio_fundacion": 1969
  }
},
{
  "model": "biblioteca.libro",
  "pk": 1,
  "fields": {
    "titulo": "Cien años de soledad",
    "autor": 1,
    "genero": 1,
    "anio": 1967,
    "stock": 3,
    "descripcion": "La historia de la familia Buendía a lo largo de siete generaciones en el pueblo ficticio de Macondo.",
    "publication_date": "2000-01-01",
    "paginas": 150,
    "tags": [
      1,
      3
    ]
  }
},
{
  "model": "biblioteca.libro",
  "pk": 2,
  "fields": {
    "titulo": "La casa de los espíritus",
    "autor": 2,
    "genero": 1,
    "anio": 1982,
    "stock": 2,
    "descripcion": "Saga familiar que abarca cuatro generaciones de la familia Trueba en Chile.",
    "publication_date": "2000-01-01",
    "paginas": 250,
    "tags": [
      2,
      4
    ]
  }
},
{
  "model": "biblioteca.libro",
  "pk": 3,
  "fields": {
    "titulo": "Veinte poemas de amor",
    "autor": 3,
    "genero": 4,
    "anio": 1924,
    "stock": 0,
    "descripcion": "Colección de poemas de amor del poeta chileno Pablo Neruda.",
    "publication_date": "2000-01-01",
    "paginas": 34,
    "tags": []
  }
},
{
  "model": "biblioteca.libro",
  "pk": 4,
  "fields": {
    "titulo": "Ficciones",
    "autor": 4,
    "genero": 1,
    "anio": 1944,
    "stock": 2,
    "descripcion": "Colección de cuentos que exploran laberintos, bibliotecas infinitas y paradojas del tiempo.",
    "publication_date": "2000-01-01",
    "paginas": 75,
    "tags": []
  }
},
{
  "model": "biblioteca.libro",
  "pk": 5,
  "fields": {
    "titulo": "La ciudad y los perros",
    "autor": 5,
    "genero": 1,
    "anio": 1963,
    "stock": 3,
    "descripcion": "Novela ambientada en el Colegio Militar Leoncio Prado de Lima, Perú.",
    "publication_date": "2000-01-01",
    "paginas": 840,
    "tags": [
      1,
      2,
      4
    ]
  }
},
{
  "model": "biblioteca.libro",
  "pk": 6,
  "fields": {
    "titulo": "Rayuela",
    "autor": 6,
    "genero": 1,
    "anio": 1963,
    "stock": 1,
    "descripcion": "Novela experimental que puede leerse en múltiples órdenes según instrucciones del autor.",
    "publication_date": "2000-01-01",
    "paginas": 156,
    "tags": []
  }
},
{
  "model": "biblioteca.libro",
  "pk": 7,
  "fields": {
    "titulo": "El resplandor",
    "autor": 7,
    "genero": 5,
    "anio": 1977,
    "stock": 4,
    "descripcion": "Un escritor acepta cuidar un hotel durante el invierno con su familia, con consecuencias aterradoras.",
    "publication_date": "2000-01-01",
    "paginas": 450,
    "tags": []
  }
},
{
  "model": "biblioteca.libro",
  "pk": 8,
  "fields": {
    "titulo": "1984",
    "autor": 8,
    "genero": 2,
    "anio": 1949,
    "stock": 3,
    "descripcion": "Novela distópica sobre un régimen totalitario que controla todos los aspectos de la vida.",
    "publication_date": "2000-01-01",
    "paginas": 321,
    "tags": [
      1,
      2,
      3,
      4
    ]
  }
},
{
  "model": "biblioteca.libro",
  "pk": 9,
  "fields": {
    "titulo": "La metamorfosis",
    "autor": 9,
    "genero": 1,
    "anio": 1915,
    "stock": 4,
    "descripcion": "Gregor Samsa se despierta convertido en un insecto gigante y debe enfrentarse a su nueva realidad.",
    "publication_date": "2000-01-01",
    "paginas": 150,
    "tags": []
  }
},
{
  "model": "biblioteca.libro",
  "pk": 10,
  "fields": {
    "titulo": "Crimen y castigo",
    "autor": 10,
    "genero": 1,
    "anio": 1866,
    "stock": 2,
    "descripcion": "Un estudiante planea y ejecuta un crimen y debe lidiar con las consecuencias psicológicas.",
    "publication_date": "2000-01-01",
    "paginas": 320,
    "tags": []
  }
},
{
  "model": "biblioteca.libro",
  "pk": 11,
  "fields": {
    "titulo": "El otoño del patriarca",
    "autor": 1,
    "genero": 1,
    "anio": 1975,
    "stock": 1,
    "descripcion": "Retrato de un dictador latinoamericano que ha gobernado por más de cien años.",
    "publication_date": "2000-01-01",
    "paginas": 150,
    "tags": []
  }
},
{
  "model": "biblioteca.libro",
  "pk": 12,
  "fields": {
    "titulo": "Eva Luna",
    "autor": 2,
    "genero": 1,
    "anio": 1987,
    "stock": 3,
    "descripcion": "Historia de una mujer que narra su propia vida con el mismo poder con el que crea sus cuentos.",
    "publication_date": "2000-01-01",
    "paginas": 350,
    "tags": []
  }
},
{
  "model": "biblioteca.libro",
  "pk": 13,
  "fields": {
    "titulo": "Canto general",
    "autor": 3,
    "genero": 4,
    "anio": 1950,
    "stock": 3,
    "descripcion": "Poema épico que abarca la historia y geografía de América Latina.",
    "publication_date": "2000-01-01",
    "paginas": 156,
    "tags": []
  }
},
{
  "model": "biblioteca.libro",
  "pk": 14,
  "fields": {
    "titulo": "El Aleph",
    "autor": 4,
    "genero": 8,
    "anio": 1949,
    "stock": 0,
    "descripcion": "Colección de cuentos donde se incluye la famosa historia del punto que contiene todos los puntos.",
    "publication_date": "2000-01-01",
    "paginas": 451,
    "tags": []
  }
},
{
  "model": "biblioteca.libro",
  "pk": 15,
  "fields": {
    "titulo": "It",
    "autor": 7,
    "genero": 5,
    "anio": 1986,
    "stock": 0,
    "descripcion": "Un grupo de niños enfrenta a una entidad maligna que adopta la forma de sus peores miedos.",
    "publication_date": "2000-01-01",
    "paginas": 159,
    "tags": []
  }
},
{
  "model": "biblioteca.libro",
  "pk": 16,
  "fields": {
    "titulo": "El extranjero",
    "autor": 12,
    "genero": 6,
    "anio": 1942,
    "stock": 4,
    "descripcion": "Novela breve sobre el absurdo, la alienación y el juicio social.",
    "publication_date": "1942-05-19",
    "paginas": 123,
    "tags": [
      8
    ]
  }
},
{
  "model": "biblioteca.libro",
  "pk": 17,
  "fields": {
    "titulo": "La peste",
    "autor": 12,
    "genero": 1,
    "anio": 1947,
    "stock": 5,
    "descripcion": "Relato coral sobre una epidemia y la condición humana.",
    "publication_date": "1947-06-10",
    "paginas": 308,
    "tags": [
      10
    ]
  }
},
{
  "model": "biblioteca.libro",
  "pk": 18,
  "fields": {
    "titulo": "La señora Dalloway",
    "autor": 13,
    "genero": 1,
    "anio": 1925,
    "stock": 3,
    "descripcion": "Una jornada en Londres que explora memoria, tiempo e intimidad.",
    "publication_date": "1925-05-14",
    "paginas": 216,
    "tags": [
      9
    ]
  }
},
{
  "model": "biblioteca.libro",
  "pk": 19,
  "fields": {
    "titulo": "Ensayo sobre la ceguera",
    "autor": 14,
    "genero": 1,
    "anio": 1995,
    "stock": 6,
    "descripcion": "Una ciudad pierde la vista y con ella sus certezas morales.",
    "publication_date": "1995-10-01",
    "paginas": 352,
    "tags": []
  }
},
{
  "model": "biblioteca.libro",
  "pk": 20,
  "fields": {
    "titulo": "El nombre de la rosa",
    "autor": 15,
    "genero": 1,
    "anio": 1980,
    "stock": 4,
    "descripcion": "Misterio medieval entre libros, símbolos y crímenes.",
    "publication_date": "1980-09-01",
    "paginas": 576,
    "tags": [
      6
    ]
  }
},
{
  "model": "biblioteca.libro",
  "pk": 21,
  "fields": {
    "titulo": "Kafka en la orilla",
    "autor": 16,
    "genero": 8,
    "anio": 2002,
    "stock": 5,
    "descripcion": "Novela de viaje interior con símbolos, música y realidades paralelas.",
    "publication_date": "2002-09-12",
    "paginas": 505,
    "tags": []
  }
},
{
  "model": "biblioteca.libro",
  "pk": 22,
  "fields": {
    "titulo": "Orgullo y prejuicio",
    "autor": 17,
    "genero": 1,
    "anio": 1813,
    "stock": 7,
    "descripcion": "Clásico sobre amor, clase social e ironía británica.",
    "publication_date": "1813-01-28",
    "paginas": 432,
    "tags": [
      7
    ]
  }
},
{
  "model": "biblioteca.libro",
  "pk": 23,
  "fields": {
    "titulo": "Niebla",
    "autor": 18,
    "genero": 6,
    "anio": 1914,
    "stock": 4,
    "descripcion": "Una novela filosófica sobre identidad, libre albedrío y creación.",
    "publication_date": "1914-01-01",
    "paginas": 300,
    "tags": []
  }
},
{
  "model": "biblioteca.libro",
  "pk": 24,
  "fields": {
    "titulo": "Sobre héroes y tumbas",
    "autor": 19,
    "genero": 1,
    "anio": 1961,
    "stock": 3,
    "descripcion": "Novela intensa sobre obsesión, historia y oscuridad interior.",
    "publication_date": "1961-01-01",
    "paginas": 512,
    "tags": [
      2
    ]
  }
},
{
  "model": "biblioteca.libro",
  "pk": 25,
  "fields": {
    "titulo": "Rebelión en la granja",
    "autor": 8,
    "genero": 2,
    "anio": 1945,
    "stock": 6,
    "descripcion": "Fábula política sobre poder, propaganda y corrupción.",
    "publication_date": "1945-08-17",
    "paginas": 144,
    "tags": [
      5
    ]
  }
},
{
  "model": "biblioteca.revista",
  "pk": 1,
  "fields": {
    "titulo": "Poesía Chilena",
    "editorial": "Ed. Sur",
    "numero_edicion": 1,
    "precio": "3990.00",
    "fecha_publicacion": "2024-01-01",
    "disponible": true,
    "notas": "",
    "editorial_fk": 2,
    "paginas": 15,
    "tags": []
  }
},
{
  "model": "biblioteca.revista",
  "pk": 2,
  "fields": {
    "titulo": "Literatura Femenina",
    "editorial": "Ed. Norte",
    "numero_edicion": 2,
    "precio": "4490.00",
    "fecha_publicacion": "2024-02-01",
    "disponible": false,
    "notas": "",
    "editorial_fk": 1,
    "paginas": 50,
    "tags": []
  }
},
{
  "model": "biblioteca.revista",
  "pk": 3,
  "fields": {
    "titulo": "Ciencia y Futuro",
    "editorial": "Anagrama",
    "numero_edicion": 12,
    "precio": "7990.00",
    "fecha_publicacion": "2025-03-01",
    "disponible": true,
    "notas": "Especial sobre inteligencia artificial, robótica y ciencia aplicada.",
    "editorial_fk": 4,
    "paginas": 21,
    "tags": []
  }
},
{
  "model": "biblioteca.revista",
  "pk": 4,
  "fields": {
    "titulo": "Letras del Sur",
    "editorial": "Tusquets",
    "numero_edicion": 8,
    "precio": "6590.00",
    "fecha_publicacion": "2025-01-15",
    "disponible": true,
    "notas": "Dossier de narrativa latinoamericana contemporánea.",
    "editorial_fk": 7,
    "paginas": 35,
    "tags": []
  }
},
{
  "model": "biblioteca.revista",
  "pk": 5,
  "fields": {
    "titulo": "Archivo Histórico",
    "editorial": "Planeta",
    "numero_edicion": 5,
    "precio": "8450.00",
    "fecha_publicacion": "2024-11-20",
    "disponible": true,
    "notas": "Número dedicado a procesos históricos de América Latina.",
    "editorial_fk": 5,
    "paginas": 100,
    "tags": []
  }
},
{
  "model": "biblioteca.revista",
  "pk": 6,
  "fields": {
    "titulo": "Escena y Palabra",
    "editorial": "Penguin Random House",
    "numero_edicion": 3,
    "precio": "7200.00",
    "fecha_publicacion": "2025-04-10",
    "disponible": true,
    "notas": "Entrevistas, crítica teatral y recomendaciones de lectura.",
    "editorial_fk": 6,
    "paginas": 89,
    "tags": []
  }
}
]
